0.001,0.0010884212708614077,0,
0.002,0.002228672126049549,0,
0.003,0.0032782212086659066,0,
0.004,0.0037965170519332434,0,
0.005,0.004625790401160982,0,
0.006,0.0059733595936560585,0.0001036591686534674,
0.007,0.007683735876438271,0.00009070177257178397,
0.008,0.008189074323623924,0.00012957396081683426,
0.009,0.008590753602156111,0.000038872188245050275,
0.01,0.009964237586814554,0.0001036591686534674,
0.011,0.010003109775059605,0.0001036591686534674,
0.012,0.012179952316782419,0.0002980201098787188,
0.013,0.013048097854255208,0.0005960402197574376,
0.014,0.013592308489685912,0.00033689229812376904,
0.015,0.01475847413703742,0.0003628070902871359,
0.016,0.015328599564631491,0.0006996993884109049,
0.017,0.017311081165129055,0.0007515289727376386,
0.018,0.01838654503990878,0.0006219550119208044,
0.019,0.01903441484399295,0.0008163159531460558,
0.02,0.020187623095262775,0.0013086970042500258,
0.021,0.021496320099512804,0.0016067171141287448,
0.022,0.02254586918212916,0.0016196745102104281,
0.023,0.022908676272416294,0.0012179952316782418,
0.024,0.02459313776303514,0.0017362910749455789,
0.025,0.024606095159116825,0.0019306520161708302,
0.026,0.025888877371203482,0.002215714729967866,
0.027,0.026795895096921322,0.002500777443764901,
0.028,0.027754742406965897,0.0032263916243391727,
0.029,0.029270757748522856,0.002954286306623821,
0.03,0.02932258733284959,0.003576241318544625,
0.031,0.03052762516844615,0.004107494557893646,
0.032,0.03193998134134964,0.0042888981030372135,
0.033,0.03355965585156007,0.004379599875608997,
0.034,0.03340416709857987,0.004366642479527314,
0.035,0.03409090909090909,0.0059733595936560585,
0.036,0.03664351611900073,0.006413911060433295,
0.037,0.035671711412874466,0.006789675546802114,
0.038,0.03745983207214678,0.00612884834663626,
0.039,0.03840572198610967,0.007580076707784804,
0.04,0.04031045921011713,0.006880377319373899,
0.041,0.040841712449466154,0.008137244739297191,
0.042,0.0418264745516741,0.008253861304032342,
0.043,0.042914895822535506,0.009109049445423447,
0.044,0.044288379807193946,0.010417746449673474,
0.045,0.046542966725406865,0.011441380740126465,
0.046,0.04589509692132269,0.01233544106976262,
0.047,0.047696174976676685,0.011687571265678449,
0.048,0.047994195086555405,0.011065616253757645,
0.049,0.04989893231056287,0.013670052866176013,
0.05,0.05058567430289209,0.015237897792059708,
0.051,0.050404270757748525,0.01554887529802011,
0.052,0.053591790193842644,0.016067171141287445,
0.053,0.051777754742406965,0.016481807815901316,
0.054,0.052503368922981235,0.017984865761376593,
0.055,0.056882968798590235,0.017764590027987977,
0.056,0.055431740437441694,0.01819218409868353,
0.057,0.0565979060847932,0.020978024256245464,
0.058,0.057180988908468955,0.021120555613143983,
0.059,0.058347154555820464,0.022429252617394008,
0.06,0.0594874054110086,0.02277910231159946,
0.061,0.061482844407587854,0.02481341349642376,
0.062,0.061547631387996266,0.025409453716181196,
0.063,0.06351715559241215,0.026148025292837152,
0.064,0.06421685498082305,0.02553902767699803,
0.065,0.06555146677723644,0.025253964963200995,
0.066,0.06713226909920182,0.02739193531667876,
0.067,0.06610863480874883,0.029115268995542655,
0.068,0.06945164299782315,0.029426246501503057,
0.069,0.06776718150720432,0.0329117860474759,
0.07,0.07091582875505338,0.0336114854358868,
0.071,0.0714470819944024,0.03266559552192391,
0.072,0.07171918731211775,0.03682491966414429,
0.073,0.07376645589302373,0.037783766974188865,
0.074,0.07288535295946927,0.03861304032341661,
0.075,0.0724707162848554,0.03788742614284234,
0.076,0.07620244635638022,0.0397921633668498,
0.077,0.07634497771327874,0.040699181092567635,
0.078,0.07805535399606095,0.04349797864621126,
0.079,0.07761480252928371,0.044806675650461286,
0.08,0.08014149476521198,0.04612833005079299,
0.081,0.0809059811340313,0.047618430600186584,
0.082,0.08069866279672437,0.04884938322794651,
0.083,0.08274593137763035,0.049587954804602465,
0.084,0.08291437752669224,0.05285321861718669,
0.085,0.08553177153519229,0.051505649424691616,
0.086,0.08663315020213538,0.05129833108738468,
0.087,0.08772157147299679,0.05697367057116202,
0.088,0.08680159635119726,0.05525033689229812,
0.089,0.09217891572509589,0.05890432258733285,
0.09,0.08862858919871462,0.059306001865865036,
0.091,0.09048149683839536,0.060174147403337826,
0.092,0.09105162226598942,0.06450191769462009,
0.093,0.0923214470819944,0.06238986213330569,
0.094,0.0955348813102519,0.06460557686327356,
0.095,0.09448533222763554,0.06829843474655334,
0.096,0.0956903700632321,0.0687130714211672,
0.097,0.09541826474551673,0.06653622887944438,
0.098,0.09741370374209599,0.07673369959572925,
0.099,0.09951280190732871,0.07423292215196434,
0.1,0.09785425520887323,0.07721312325075153,
0.101,0.10253187519436094,0.07626723333678864,
0.102,0.10150824090390795,0.0768373587643827,
0.103,0.10189696278635846,0.08077640717321447,
0.104,0.10307608582979165,0.08186482844407587,
0.105,0.10253187519436094,0.08199440240489271,
0.106,0.10521405618326941,0.08525966621747694,
0.107,0.1064709236031927,0.08568726028817249,
0.108,0.10715766559552192,0.08505234788017,
0.109,0.1083497460350368,0.08713848864932103,
0.11,0.11040997201202446,0.09469265056494247,
0.111,0.11065616253757644,0.09251580802321965,
0.112,0.11126516015341557,0.09307297605473204,
0.113,0.11367523582460869,0.09750440551466777,
0.114,0.1137529802010988,0.09899450606406136,
0.115,0.11416761687571265,0.09929252617394009,
0.116,0.11576137659375972,0.10079558411941536,
0.117,0.11736809370788846,0.10597854255208873,
0.118,0.12028350782626723,0.10847931999585363,
0.119,0.11885819425728206,0.10579713900694517,
0.12,0.11925987353581424,0.10746864310148233,
0.121,0.12150150305794548,0.11283300507929926,
0.122,0.12098320721467813,0.11167979682802943,
0.123,0.12204571369337618,0.11320876956566808,
0.124,0.12356172903493313,0.11376593759718047,
0.125,0.12560899761583913,0.1189748108220172,
0.126,0.12397636570954701,0.11949310666528454,
0.127,0.12830413600082927,0.12231781901109152,
0.128,0.12779879755364362,0.12166994920700736,
0.129,0.12918523893438374,0.12400228050171037,
0.13,0.13116772053488132,0.12683995024359904,
0.131,0.12994972530320306,0.1267103762827822,
0.132,0.13159531460557686,0.13072716906810408,
0.133,0.1336166683943195,0.13011817145226495,
0.134,0.13408313465326008,0.1282911786047476,
0.135,0.13488649321032445,0.13495128019073288,
0.136,0.13519747071628485,0.13868301026225768,
0.137,0.13771120555613145,0.13653208251269824,
0.138,0.1374261428423344,0.14367160775370583,
0.139,0.13794443868560174,0.14238882554161916,
0.14,0.13940862444283197,0.14224629418472065,
0.141,0.14184461490618847,0.14640561832694102,
0.142,0.14067844925883694,0.14951539338654504,
0.143,0.14356794858505234,0.14867316264123562,
0.144,0.14330880066341867,0.14596506686016378,
0.145,0.14332175805950037,0.14855654607650046,
0.146,0.14526536747175287,0.1531305068933347,
0.147,0.14535606924432465,0.15355810096403028,
0.148,0.15004664662589406,0.15246967969316885,
0.149,0.14780501710376281,0.15631802632942884,
0.15,0.1483751425313569,0.15841712449466155,
0.151,0.1508888773712035,0.15745827718461697,
0.152,0.1517311081165129,0.16507722608064684,
0.153,0.15478905359179018,0.1623561729034933,
0.154,0.15411526899554265,0.16264123561729035,
0.155,0.1545428630662382,0.16624339172799835,
0.156,0.15403752461905257,0.17086918212915933,
0.157,0.15753602156110708,0.16945682595625583,
0.158,0.1563568985176739,0.1678371514460454,
0.159,0.15982948066756505,0.17593552399709755,
0.16,0.15890950554576552,0.17309785425520888,
0.161,0.16138436819736707,0.17513216544003318,
0.162,0.16226547113092152,0.17664818078159014,
0.163,0.1624598320721468,0.17996527417850108,
0.164,0.16414429356276564,0.18264745516740954,
0.165,0.16348346636259978,0.18201254275940706,
0.166,0.16458484502954288,0.18450036280709028,
0.167,0.16540116098268892,0.1872991603607339,
0.168,0.16835544728931273,0.1892557271690681,
0.169,0.16936612418368405,0.18920389758474138,
0.17,0.16905514667772364,0.1926894371307142,
0.171,0.17162071110189697,0.19415362288794444,
0.172,0.17282574893749353,0.19564372343733805,
0.173,0.17336995957292423,0.19538457551570437,
0.174,0.17554680211464704,0.1970042500259148,
0.175,0.1747952731419094,0.20195397532911785,
0.176,0.17703690266404062,0.2008914688504198,
0.177,0.178086451746657,0.20312014097646938,
0.178,0.179395148750907,0.20578936456929614,
0.179,0.17929148958225355,0.20361252202757335,
0.18,0.1790841712449466,0.20483051725925158,
0.181,0.17991344459417435,0.20866590649942987,
0.182,0.181442417331813,0.21213848864932103,
0.183,0.18404685394423137,0.21313620814761067,
0.184,0.18374883383435264,0.21417279983414533,
0.185,0.1818311392142635,0.21500207318337308,
0.186,0.18724733077640718,0.2178656577174251,
0.187,0.18814139110604333,0.21461335130092257,
0.188,0.18591271897999379,0.22158443039286824,
0.189,0.19002021353788742,0.2232818492795688,
0.19,0.18711775681559034,0.21879859023530632,
0.191,0.1905125945889914,0.21901886596869494,
0.192,0.19430911164092465,0.22697470716284857,
0.193,0.19368715662900385,0.22562713797035347,
0.194,0.19236550222867213,0.23025292837151445,
0.195,0.19445164299782317,0.22849072250440552,
0.196,0.19780760858297916,0.22906084793199957,
0.197,0.19675805950036282,0.23169119933658133,
0.198,0.1976262050378356,0.23411423240385612,
0.199,0.1983129470301648,0.23521561107079922,
0.2,0.19998445112470198,0.2381180677930963,
0.201,0.20344407587851146,0.2357857364983933,
0.202,0.2019280605369545,0.2377293459106458,
0.203,0.2048046024670882,0.2389732559344874,
0.204,0.20391054213745205,0.2443635327044677,
0.205,0.20406603089043227,0.23934902042085623,
0.206,0.20725355032652637,0.24164247952731419,
0.207,0.20883435264849176,0.2461775681559034,
0.208,0.20696848761272935,0.24800456100342075,
0.209,0.2071498911578729,0.2515808023219654,
0.21,0.21028558100964032,0.24746035036799005,
0.211,0.21282523064165026,0.2492095988390173,
0.212,0.2066186379185239,0.2520602259769877,
0.213,0.21346014304965275,0.2501554887529802,
0.214,0.2139784388929201,0.25307090287135897,
0.215,0.21748989323105627,0.2550663418679382,
0.216,0.21520939152068,0.25607701876230954,
0.217,0.21673836425831866,0.25853892401782935,
0.218,0.21971856535710585,0.26018451332020315,
0.219,0.21914843992951177,0.2607157665595522,
0.22,0.21987405411008604,0.2609489996890225,
0.221,0.22150668601637816,0.2624909298227428,
0.222,0.22052192391417022,0.26631336166683944,
0.223,0.217787913340935,0.2664040634394112,
0.224,0.22439618534259356,0.26567844925883694,
0.225,0.22320410490307868,0.26776459002798797,
0.226,0.22262102207940293,0.26863273556546075,
0.227,0.23132839224629417,0.2674536125220276,
0.228,0.22933295324971495,0.2741007567119312,
0.229,0.2288146574064476,0.27222193428008706,
0.23,0.2311599460972323,0.2721960194879237,
0.231,0.22926816626930652,0.27530579454752774,
0.232,0.23236498393282887,0.27552607028091636,
0.233,0.23730175183995025,0.27886907846999065,
0.234,0.23560433295324973,0.27757333886182234,
0.235,0.22996786565771743,0.2807997304861615,
0.236,0.23526744065512595,0.2817456204001244,
0.237,0.2362392453612522,0.2810329636156318,
0.238,0.23727583704778688,0.2825360215611071,
0.239,0.23816989737742303,0.2866046439307557,
0.24,0.2398414014719602,0.28595677412667153,
0.241,0.24034673991914585,0.2887944438685602,
0.242,0.24070954700943298,0.2888074012646419,
0.243,0.24253653985695034,0.2892349953353374,
0.244,0.24253653985695034,0.2920985798693895,
0.245,0.24361200373173006,0.29384782834041673,
0.246,0.24481704156732664,0.28980512076293147,
0.247,0.2482118793407277,0.2929278532186172,
0.248,0.2495205763449777,0.2944827407484192,
0.249,0.25003887218824505,0.29239659997926815,
0.25,0.24974085207836633,0.2993158494868871,
0.251,0.2496242355136312,0.2958173525448326,
0.252,0.25195656680833417,0.2993288068829688,
0.253,0.2519306520161708,0.3030216647662486,
0.254,0.2517103762827822,0.30208873224836735,
0.255,0.25524774541308176,0.3044599357313154,
0.256,0.2593034103866487,0.3004301855499119,
0.257,0.25787809681766355,0.30764745516740954,
0.258,0.25699699388410907,0.30449880791956047,
0.259,0.2586684979786462,0.3075308386026744,
0.26,0.26052140561832693,0.3044728931273971,
0.261,0.2618948896029854,0.3101871047994195,
0.262,0.2611174458380844,0.3088006634186794,
0.263,0.263670052866176,0.31399657924743446,
0.264,0.2658080232196538,0.30960402197574377,
0.265,0.2632942883798072,0.31577174251062506,
0.266,0.2666891261532083,0.3142816419612315,
0.267,0.26650772260806466,0.3164066549186276,
0.268,0.26911215922048304,0.3154348502125013,
0.269,0.2680626101378667,0.31775422411112264,
0.27,0.27090027987975535,0.32186171866901625,
0.271,0.270874365087592,0.31960713175080335,
0.272,0.2732326111744584,0.31932206903700633,
0.273,0.2738934383746242,0.3196589613351301,
0.274,0.2772623613558619,0.32111018969627864,
0.275,0.2771846169793718,0.3235720949517985,
0.276,0.279102311599461,0.32722608064683323,
0.277,0.2750984762102208,0.3287939255727169,
0.278,0.2763553436301441,0.32577485228568465,
0.279,0.2791282263916243,0.3241810925676376,
0.28,0.28320980615735464,0.3250751528972738,
0.281,0.2808774748626516,0.3300119208043952,
0.282,0.28410386648699076,0.3283663315020214,
0.283,0.2846869493106665,0.3302710687260288,
0.284,0.28514045817352546,0.33312169586399915,
0.285,0.2825101067689437,0.3330180366953457,
0.286,0.2835078262672333,0.33126878822431843,
0.287,0.28726547113092155,0.3339509692132269,
0.288,0.2901031408728102,0.3354281123665388,
0.289,0.2900383538924018,0.33352337514253133,
0.29,0.29163211361044883,0.33838239867316267,
0.291,0.29509173836425834,0.33479319995853635,
0.292,0.293834870944335,0.3374365087591997,
0.293,0.28865191251166167,0.33814916554369234,
0.294,0.2958043951487509,0.3424639784388929,
0.295,0.29349797864621124,0.345612625686742,
0.296,0.29466414429356275,0.341233025811133,
0.297,0.2969964755882658,0.34351352752150927,
0.298,0.30015808023219653,0.34283974292526176,
0.299,0.299445423447704,0.34556079610241525,
0.3,0.2993935938633772,0.3438892920078781,
0.301,0.3012983310873847,0.3459495179848658,
0.302,0.30243858194257284,0.348968591271898,
0.303,0.30186845651497873,0.3469731522753188,
0.304,0.302840261221105,0.34939618534259353,
0.305,0.3067404374416917,0.3533741059396704,
0.306,0.3099668290660309,0.34839846584430395,
0.307,0.30553539960609516,0.35231159946097235,
0.308,0.30794547527728827,0.35220794029231883,
0.309,0.3080102622576967,0.3568726028817249,
0.31,0.3091245983207215,0.3552140561832694,
0.311,0.30997978646211255,0.3580258111329947,
0.312,0.3130118171452265,0.36065616253757643,
0.313,0.31351715559241217,0.3566652845444179,
0.314,0.31088680418783043,0.3573520265367472,
0.315,0.31334870944335025,0.35728723955633873,
0.316,0.31657510106768944,0.3594770394941433,
0.317,0.3182077329739815,0.36287187726754433,
0.318,0.31790971286410286,0.3631051103970146,
0.319,0.3199828962371722,0.3643749352130196,
0.32,0.3240515186068208,0.3651523789779206,
0.321,0.32173214470819944,0.3632476417539131,
0.322,0.32037161811962267,0.3636752358246087,
0.323,0.32112314709236034,0.3662667150409454,
0.324,0.3211620192806054,0.36885819425728206,
0.325,0.3248030475795584,0.3685213019591583,
0.326,0.3267207421996476,0.37049082616357415,
0.327,0.32580076707784805,0.36879340727687365,
0.328,0.3294806675650461,0.370866590649943,
0.329,0.3266041256349124,0.3727324556857054,
0.33,0.32827562972944957,0.36845651497874987,
0.331,0.33279776096195707,0.3723178190110915,
0.332,0.3319944024048927,0.3753239349020421,
0.333,0.3345340520369027,0.3727972426661138,
0.334,0.3355965585156007,0.3741188970664455,
0.335,0.3342101171348606,0.3772545869182129,
0.336,0.3359723230019695,0.3758551881413911,
0.337,0.3419068104073805,0.37805794547527727,
0.338,0.33754016792785324,0.37855032652638126,
0.339,0.3414144293562766,0.3763734839846584,
0.34,0.3389525241007567,0.3793925572716907,
0.341,0.33940603296361566,0.3843552399709754,
0.342,0.34706385404789053,0.3837851145433814,
0.343,0.3412848553954597,0.3809733595936561,
0.344,0.3453146055768633,0.38401834767285165,
0.345,0.34591064579662073,0.3849383227946512,
0.346,0.349499844511247,0.38480874883383437,
0.347,0.3469861096714004,0.3840572198610967,
0.348,0.34645485643205143,0.38916243391728,
0.349,0.34626049549082616,0.3871929097128641,
0.35,0.3480356587540168,0.3889939877682181,
0.351,0.35355550948481396,0.3905359179019384,
0.352,0.35251891779827926,0.3938141391106043,
0.353,0.3506271379703535,0.39136519125116614,
0.354,0.35355550948481396,0.39122265989426763,
0.355,0.3565227531875194,0.39049704571369337,
0.356,0.35758525966621746,0.3922851663729657,
0.357,0.3592697211568363,0.3986861200373173,
0.358,0.35868663833316056,0.39562817456204,
0.359,0.3624183684046854,0.3947211568363222,
0.36,0.3609153104592101,0.3975199543899658,
0.361,0.3610060122317819,0.3975069969938841,
0.362,0.36175754120451953,0.3978179744998445,
0.363,0.3628977920597077,0.3987768218098891,
0.364,0.36410282989530424,0.3999300300611589,
0.365,0.3675883694412771,0.4028843163677827,
0.366,0.3656965896133513,0.40459469265056497,
0.367,0.36795117653156423,0.40119985487716386,
0.368,0.36446563698559137,0.4012905566497357,
0.369,0.367264434539235,0.40083704778687673,
0.37,0.37090546283818804,0.40083704778687673,
0.371,0.3696485954182647,0.40512594588991396,
0.372,0.3700632320928786,0.40183476728516637,
0.373,0.3756349124080025,0.4041152689955427,
0.374,0.37435213019591584,0.4085078262672333,
0.375,0.37442987457240595,0.4049574997408521,
0.376,0.3771897999378045,0.40880584637711204,
0.377,0.38053280812687884,0.4086503576241319,
0.378,0.37957396081683425,0.4078469990670675,
0.379,0.3780320306831139,0.41061988182854775,
0.38,0.37983310873846793,0.40979060847932,
0.381,0.3787835596558516,0.4150253964963201,
0.382,0.3826707784803566,0.41156577174251063,
0.383,0.3862470197989012,0.416217476935835,
0.384,0.384821706229916,0.4161138177671815,
0.385,0.3851067689437131,0.41945682595625583,
0.386,0.3864932103244532,0.41914584845029546,
0.387,0.38754275940706956,0.4155177775474241,
0.388,0.38730952627759924,0.4194438685601741,
0.389,0.38685601741474035,0.4194309111640925,
0.39,0.3900435368508345,0.42010469576034,
0.391,0.39062661967451023,0.4214263501606717,
0.392,0.3909505545765523,0.4190033170933969,
0.393,0.394850730797139,0.4198455478387063,
0.394,0.3944360941225251,0.42119311703120144,
0.395,0.3944360941225251,0.4243288068829688,
0.396,0.3905877474862652,0.4226573027884316,
0.397,0.3973644656369856,0.4244583808437856,
0.398,0.3990877993158495,0.4257282056597906,
0.399,0.3993858194257282,0.4245749974085208,
0.4,0.39838809992743857,0.428863895511558,
0.401,0.3979086762724163,0.4288509381154763,
0.402,0.4026899554265575,0.42785321861718667,
0.403,0.40004664662589406,0.4302892090805432,
0.404,0.4025992536539857,0.43163677827303826,
0.405,0.4045558204623199,0.43039286824919665,
0.406,0.40441328910542135,0.4315072043122214,
0.407,0.4062661967451021,0.4329843474655333,
0.408,0.40862444283196847,0.4297320410490308,
0.409,0.41020524515393386,0.4369233958743651,
0.41,0.40910386648699076,0.4333989841401472,
0.411,0.4134445941743547,0.43875038872188243,
0.412,0.4126282782212087,0.4337877060225977,
0.413,0.40999792681662695,0.43775266922359285,
0.414,0.4124468746760651,0.43557582668187,
0.415,0.4143516119000726,0.4351741474033378,
0.416,0.4147792059707681,0.4340079817559863,
0.417,0.41959935731315434,0.4406032963615632,
0.418,0.41809629936767906,0.43740281952938737,
0.419,0.42050637503887217,0.4365476313879963,
0.42,0.4212708614076915,0.4410049756400954,
0.421,0.42130973359593654,0.4432466051622266,
0.422,0.42344770394941433,0.43986472478490724,
0.423,0.42233336788638953,0.44327251995439,
0.424,0.42303306727480045,0.44397221934280084,
0.425,0.4240437441691718,0.4433243495387167,
0.426,0.42715351922877576,0.44255986316989737,
0.427,0.42570229086762723,0.4478594381673059,
0.428,0.42695915828755054,0.4458769565668083,
0.429,0.42860474758992434,0.4533015445216129,
0.43,0.4307686327355655,0.4477039494143257,
0.431,0.43329532497149376,0.44960868663833314,
0.432,0.4301466777236447,0.45273141909401887,
0.433,0.43491499948170415,0.45065823572094954,
0.434,0.4352518917798279,0.45093034103866486,
0.435,0.43811547631388,0.4512413185446253,
0.436,0.4341375557168031,0.4525370581527936,
0.437,0.438400539027677,0.4573442520990982,
0.438,0.4386726443453923,0.4534311184824298,
0.439,0.43815434850212504,0.4603114958018037,
0.44,0.44048667979682804,0.45457136933761794,
0.441,0.4415232714833627,0.4573312947030165,
0.442,0.4409013164714419,0.4571498911578729,
0.443,0.44219705607961024,0.460298538405722,
0.444,0.44612314709236034,0.4557764071732145,
0.445,0.4460842749041153,0.46430237379496214,
0.446,0.4442572820565979,0.4616720223903804,
0.447,0.4463563802218306,0.4616720223903804,
0.448,0.44439981341349644,0.46399139628900177,
0.449,0.45032134342282576,0.46336944127708096,
0.45,0.44805379910853116,0.4609204934176428,
0.451,0.4518373587643827,0.4648984140147196,
0.452,0.45258888773712036,0.46656991810925674,
0.453,0.45304239659997925,0.4658443039286825,
0.454,0.4527702912822639,0.4675158080232197,
0.455,0.4547398154866798,0.4696408209806157,
0.456,0.4559059811340313,0.46945941743547215,
0.457,0.456942572820566,0.4668290660308904,
0.458,0.4561132994713382,0.46979630973359593,
0.459,0.4594174354721675,0.47065149787498706,
0.46,0.4588861822328185,0.46955011920804396,
0.461,0.4620218720845859,0.4696537783766974,
0.462,0.46033741059396704,0.4687467606509796,
0.463,0.46322690992018245,0.471428941639888,
0.464,0.4620866590649943,0.47593811547631387,
0.465,0.4652871358971701,0.47386493210324454,
0.466,0.4659997926816627,0.4760936042292941,
0.467,0.46287706022597697,0.4743832279465119,
0.468,0.4687338032548979,0.4771820255001555,
0.469,0.46659583290142015,0.4774930030061159,
0.47,0.47126049549082616,0.47579558411941536,
0.471,0.4682543795998756,0.47957914377526695,
0.472,0.47133823986731627,0.4804472893127397,
0.473,0.47427956877785843,0.47977350471649216,
0.474,0.4726469368715663,0.48309059811340316,
0.475,0.47339846584430395,0.48175598631698974,
0.476,0.4764434539234995,0.4826500466466259,
0.477,0.4757567119311703,0.48411423240385615,
0.478,0.4760806468332124,0.48499533533741057,
0.479,0.4780242562454649,0.48408831761169274,
0.48,0.47902197574375455,0.48517673888255414,
0.481,0.48499533533741057,0.4871851352752151,
0.482,0.48333678863895513,0.4861485435886804,
0.483,0.4839198714626309,0.48801440862444284,
0.484,0.48347931999585364,0.4859412252513735,
0.485,0.4848398465844304,0.4882605991499948,
0.486,0.48355706437234375,0.4857857364983933,
0.487,0.48512490929822744,0.49172022390380427,
0.488,0.48902508551881413,0.49129262983310873,
0.489,0.49229034933139837,0.49392298123769046,
0.49,0.4930548357002177,0.4950502746967969,
0.491,0.4899061884523686,0.4911500984762102,
0.492,0.4921737327666632,0.49475225458691824,
0.493,0.4888695967658339,0.49302892090805434,
0.494,0.49372862029646525,0.49639784388929203,
0.495,0.49797864621125737,0.496890224940396,
0.496,0.49611278117549495,0.4971234580698663,
0.497,0.5006737845962476,0.4973955633875816,
0.498,0.49666994920700736,0.5035891987146263,
0.499,0.4985617290349331,0.503070902871359,
0.5,0.5031356898517674,0.500984762102208,
0.501,0.5002073183373069,0.5004146366746138,
0.502,0.503317093396911,0.5011791230434332,
0.503,0.5032134342282575,0.5007256141805743,
0.504,0.5029154141183788,0.5031745620400124,
0.505,0.5017751632631906,0.5045480460246708,
0.506,0.5049756400953664,0.5055198507307972,
0.507,0.5067637607546387,0.5058826578210843,
0.508,0.5096143878926092,0.5061936353270446,
0.509,0.5076578210842749,0.5057271690681041,
0.51,0.5106250647869804,0.5087073701668913,
0.511,0.5120244635638023,0.5068674199232922,
0.512,0.5145900279879755,0.5082927334922774,
0.513,0.5108582979164508,0.5113636363636364,
0.514,0.5135145641131958,0.5086684979786462,
0.515,0.514693687156629,0.5128796517051933,
0.516,0.5149139628900177,0.5123483984658443,
0.517,0.517311081165129,0.5112988493832279,
0.518,0.5172203793925573,0.5127241629522131,
0.519,0.5154840883176117,0.5127241629522131,
0.52,0.5210039390484088,0.518542033792889,
0.521,0.5206800041463667,0.5155488752980201,
0.522,0.5222996786565772,0.5160282989530424,
0.523,0.5248134134964237,0.5136830102622577,
0.524,0.5240359697315228,0.5187752669223593,
0.525,0.5292059707681145,0.5200321343422826,
0.526,0.5238675235824609,0.5201617083030994,
0.527,0.5254353685083446,0.5154970457136934,
0.528,0.5312791541411838,0.5178812065927231,
0.529,0.5253964963200995,0.5214315331191044,
0.53,0.5309552192391417,0.5205763449777133,
0.531,0.5287524619052555,0.5236731626412356,
0.532,0.5323416606198819,0.5266533637400228,
0.533,0.5342723126360527,0.5234140147196019,
0.534,0.5321732144708199,0.5215222348916762,
0.535,0.5365787291385923,0.5264978749870426,
0.536,0.5372136415465948,0.5283766974188867,
0.537,0.5357494557893646,0.5290116098268892,
0.538,0.537654193013372,0.5331709339691095,
0.539,0.5366953457033274,0.527871358971701,
0.54,0.5392738675235824,0.5261998548771639,
0.541,0.5399087799315849,0.5324323623924536,
0.542,0.5410101585985281,0.5310329636156318,
0.543,0.5434979786462113,0.5324712345806987,
0.544,0.544819633046543,0.530203690266404,
0.545,0.5423965999792681,0.5319270239452679,
0.546,0.5450399087799316,0.5344407587851145,
0.547,0.5462449466155281,0.5313050689333472,
0.548,0.5501192080439515,0.5356846688089562,
0.549,0.5491214885456619,0.535282989530424,
0.55,0.5513631180677931,0.5345832901420131,
0.551,0.5521664766248575,0.5369933658132062,
0.552,0.5501451228361148,0.5385871255312532,
0.553,0.5556779309629937,0.5389110604332953,
0.554,0.552347880170001,0.5392738675235824,
0.555,0.5566108634808749,0.5401160982688918,
0.556,0.5583082823675755,0.5412822639162433,
0.557,0.5554706126256868,0.5428760236342904,
0.558,0.5604462527210532,0.541502539649632,
0.559,0.5615346739919146,0.5400383538924017,
0.56,0.5599668290660309,0.5427205348813102,
0.561,0.5653311910438479,0.5422670260184513,
0.562,0.5647221934280087,0.5459339691095677,
0.563,0.5635430703845755,0.5460765004664663,
0.564,0.5674821187934073,0.5424873017518399,
0.565,0.5671970560796102,0.5513631180677931,
0.566,0.5661604643930755,0.5485902353063128,
0.567,0.5672488856639369,0.5481496838395357,
0.568,0.5689333471545558,0.5491862755260702,
0.569,0.5680911164092464,0.5498730175183995,
0.57,0.5701902145744792,0.5507152482637089,
0.571,0.5699310666528454,0.5488882554161916,
0.572,0.5685446252721054,0.5524515393386545,
0.573,0.5715507411630558,0.5547449984451125,
0.574,0.5746734736187415,0.5555353996060951,
0.575,0.5734425209909817,0.5544210635430704,
0.576,0.5727557789986524,0.5538509381154764,
0.577,0.5764875090701772,0.5551855499118897,
0.578,0.5795972841297813,0.5563387581631596,
0.579,0.5810225976987664,0.5585933450813725,
0.58,0.5810485124909298,0.5568311392142635,
0.581,0.5817611692754224,0.5581787084067585,
0.582,0.5833549289934695,0.5568829687985902,
0.583,0.5838473100445735,0.5629599875608997,
0.584,0.5865165336374002,0.557673369959573,
0.585,0.586853425935524,0.5614310148232611,
0.586,0.5864258318648284,0.5621177568155903,
0.587,0.5901964341245983,0.5644500881102934,
0.588,0.5854021975743755,0.5622473307764072,
0.589,0.5894837773401057,0.5636208147610656,
0.59,0.5868663833316057,0.5620011402508552,
0.591,0.589924328806883,0.5664843992951176,
0.592,0.5939799937804499,0.5663548253343008,
0.593,0.5936949310666528,0.5690110915310459,
0.594,0.5918420234269721,0.5682984347465533,
0.595,0.594342800870737,0.5680133720327563,
0.596,0.5931248056390588,0.570643723437338,
0.597,0.5969472374831554,0.5708769565668084,
0.598,0.5999144811858609,0.5714989115787291,
0.599,0.6011195190214574,0.5732999896340831,
0.6,0.598890846895408,0.5728076085829792,
0.601,0.5978542552088733,0.5738442002695139,
0.602,0.5986964859541827,0.5730926712967762,
0.603,0.6039312739711827,0.5727687363947341,
0.604,0.6042163366849798,0.5773815693998134,
0.605,0.6060044573442521,0.5747641753913134,
0.606,0.6090494454234477,0.5762413185446252,
0.607,0.6059007981755986,0.5779776096195709,
0.608,0.6061988182854774,0.5820980615735462,
0.609,0.6096066134549601,0.5787420959883902,
0.61,0.608790297501814,0.5806597906084793,
0.611,0.6133383435264849,0.5808411941536229,
0.612,0.60952886907847,0.5799471338239868,
0.613,0.6137788949932621,0.5769798901212813,
0.614,0.6140769151031409,0.5845340520369027,
0.615,0.6128977920597077,0.5830569088835907,
0.616,0.6133383435264849,0.5845081372447393,
0.617,0.6202316782419405,0.5887452057634498,
0.618,0.6201539338654504,0.5842489893231056,
0.619,0.6176401990256039,0.5841323727583705,
0.62,0.6206981445008811,0.584274904115269,
0.621,0.6184565149787499,0.586399917072665,
0.622,0.6237560899761584,0.5875142531356898,
0.623,0.6253757644863688,0.5899113714108013,
0.624,0.6219550119208044,0.5910645796620712,
0.625,0.6252332331294703,0.591479216336685,
0.626,0.6275007774437649,0.5898595418264746,
0.627,0.6263734839846584,0.5935523997097544,
0.628,0.6285114543381362,0.5916087902975018,
0.629,0.6285503265263812,0.5937856328392246,
0.63,0.6328521820255002,0.5942132269099202,
0.631,0.6310122317819011,0.5927749559448533,
0.632,0.6324893749352131,0.5918679382191355,
0.633,0.632282056597906,0.594912926298331,
0.634,0.6337721571472997,0.598230019695242,
0.635,0.6373095262775993,0.59536643516119,
0.636,0.6372706540893542,0.5977635534363014,
0.637,0.6340960920493418,0.5981393179226703,
0.638,0.638462734528869,0.6008214989115788,
0.639,0.6393308800663419,0.6011065616253758,
0.64,0.6401471960194879,0.5962345806986628,
0.641,0.6404063439411216,0.5983207214678138,
0.642,0.6387348398465844,0.603309318959262,
0.643,0.6452005804913444,0.6023893438374625,
0.644,0.6463797035347777,0.6037239556338758,
0.645,0.6433865450399088,0.5995257593034103,
0.646,0.6441899035969731,0.6037757852182025,
0.647,0.6428682491966414,0.6046309733595937,
0.648,0.6472478490722504,0.6080776407173214,
0.649,0.6483362703431118,0.6060692443246605,
0.65,0.6526381258422308,0.6043199958536333,
0.651,0.6503835389240178,0.6072483673680937,
0.652,0.6541152689955426,0.6104618015963512,
0.653,0.6527158702187208,0.6066134549600912,
0.654,0.6545687778584016,0.6106691199336581,
0.655,0.6555794547527729,0.6117575412045195,
0.656,0.6558645174665699,0.6101637814864724,
0.657,0.6576008085415155,0.6110189696278636,
0.658,0.657989530423966,0.60952886907847,
0.659,0.6585337410593967,0.6107986938944749,
0.66,0.6595703327459314,0.6135586192598735,
0.661,0.6606328392246295,0.6137270654089354,
0.662,0.6616305587229191,0.6114336063024775,
0.663,0.6625634912408003,0.6161112262879652,
0.664,0.6620581527936146,0.6161889706644552,
0.665,0.669612314709236,0.6179252617394009,
0.666,0.6679667254068622,0.6180289209080543,
0.667,0.6672670260184513,0.6199466155281435,
0.668,0.670312014097647,0.6193635327044678,
0.669,0.6700139939877682,0.6185213019591583,
0.67,0.6746527417850109,0.6240411526899554,
0.671,0.6727998341453302,0.6200761894889603,
0.672,0.6718798590235306,0.6218643101482326,
0.673,0.6730460246708821,0.6215274178501088,
0.674,0.6755597595107288,0.6218643101482326,
0.675,0.6763372032756297,0.6223955633875816,
0.676,0.6746268269928475,0.6222919042189282,
0.677,0.6769202860993054,0.6258811029335545,
0.678,0.6799782315745828,0.6240022805017104,
0.679,0.681157354618016,0.624429874572406,
0.68,0.678164196123147,0.6274748626516016,
0.681,0.6841764279050482,0.6284984969420545,
0.682,0.6816497356691199,0.6254923810511039,
0.683,0.679926401990256,0.6273971182751115,
0.684,0.6837488338343527,0.6288613040323416,
0.685,0.6882061780864518,0.6311547631387996,
0.686,0.6861977816937909,0.6319710790919457,
0.687,0.6859127189799937,0.629625790401161,
0.688,0.6872602881724889,0.6271120555613144,
0.689,0.6874546491137141,0.6312584223074531,
0.69,0.6887892609101275,0.6315305276251685,
0.691,0.6902145744791127,0.6345236861200373,
0.692,0.6905385093811548,0.634536643516119,
0.693,0.6936741992329222,0.6355473204104903,
0.694,0.6946719187312118,0.6338499015237897,
0.695,0.6981574582771846,0.6350808541515497,
0.696,0.6934409661034519,0.6337721571472997,
0.697,0.6988312428734321,0.6379444386856017,
0.698,0.7000621955011921,0.6379833108738467,
0.699,0.7021612936664248,0.6403026847724681,
0.7,0.7000751528972737,0.6390199025603814,
0.701,0.6989867316264123,0.6377241629522131,
0.702,0.7015782108427491,0.6395122836114855,
0.703,0.7041956048512491,0.6425443142945994,
0.704,0.7021742510625065,0.6428682491966414,
0.705,0.7052062817456204,0.6431144397221934,
0.706,0.704117860474759,0.6418575723022701,
0.707,0.7072535503265264,0.6423888255416191,
0.708,0.70874365087592,0.6433476728516637,
0.709,0.7099486887115165,0.6441639888048097,
0.71,0.7088343526484917,0.6425054421063543,
0.711,0.7101689644449052,0.6467554680211465,
0.712,0.7109723230019696,0.6421426350160672,
0.713,0.713861822328185,0.6476236135586193,
0.714,0.7164403441484399,0.6449155177775474,
0.715,0.7145226495283508,0.6486861200373173,
0.716,0.7156758577796206,0.6501503057945476,
0.717,0.7188245050274696,0.6477402301233545,
0.718,0.7174251062506478,0.6501762205867109,
0.719,0.7185523997097544,0.650992536539857,
0.72,0.7222841297812792,0.648776821809889,
0.721,0.7208069866279673,0.6509666217476936,
0.722,0.7246682906603089,0.6512128122732456,
0.723,0.7266637296568882,0.6521716595832902,
0.724,0.7237871877267544,0.650953664351612,
0.725,0.7257307971390069,0.6504742406965897,
0.726,0.7255753083860268,0.6532989530423966,
0.727,0.72806312843371,0.6544132891054214,
0.728,0.7256141805742718,0.6538431636778274,
0.729,0.729410697626205,0.6544003317093396,
0.73,0.7289960609515912,0.6554239659997927,
0.731,0.7290090183476728,0.6563309837255106,
0.732,0.7299549082616358,0.6553591790193842,
0.733,0.731950347258215,0.6584689540789883,
0.734,0.7334404478076085,0.655618326941018,
0.735,0.7329480667565046,0.6582227635534363,
0.736,0.7353710998237795,0.6584300818907433,
0.737,0.7365631802632943,0.6594407587851145,
0.738,0.7362003731730071,0.6612936664247953,
0.739,0.7356172903493314,0.6589095055457656,
0.74,0.7431844096610345,0.6613195812169587,
0.741,0.7411889706644552,0.662084067585778,
0.742,0.7412537576448637,0.6649735669119934,
0.743,0.7451668912615321,0.6611122628796517,
0.744,0.7414222037939255,0.6597646936871566,
0.745,0.7434435575826682,0.6638462734528869,
0.746,0.7447392971908365,0.6606328392246295,
0.747,0.7452316782419405,0.665478905359179,
0.748,0.7487431325800767,0.6666450710065305,
0.749,0.7484321550741163,0.6628096817663522,
0.75,0.74876904737224,0.6637685290763968,
0.751,0.7500647869804085,0.6652975018140355,
0.752,0.7518399502435991,0.6661656473515083,
0.753,0.7534596247538095,0.6672411112262879,
0.754,0.7540686223696486,0.6679019384264538,
0.755,0.7529413289105421,0.66625634912408,
0.756,0.7555457655229605,0.6684072768736394,
0.757,0.7562454649113715,0.668834870944335,
0.758,0.7578651394215818,0.6688607857364984,
0.759,0.7603011298849384,0.672151964341246,
0.76,0.760275215092775,0.6719187312117757,
0.761,0.759536643516119,0.6700010365916865,
0.762,0.7605861925987354,0.6694956981445008,
0.763,0.7622058671089458,0.6714004353685084,
0.764,0.7629185238934384,0.6733310873846792,
0.765,0.766455893023738,0.6712838188037732,
0.766,0.7658080232196538,0.6708950969213227,
0.767,0.7678164196123147,0.6760910127500778,
0.768,0.7688789260910127,0.6749896340831346,
0.769,0.766987146263087,0.6761298849383228,
0.77,0.7692546905773816,0.6742510625064787,
0.771,0.770058049134446,0.673991914584845,
0.772,0.7704078988286513,0.6741474033378252,
0.773,0.7710298538405722,0.6744972530320307,
0.774,0.7742044158805846,0.6740567015652534,
0.775,0.775253964963201,0.6766870529698352,
0.776,0.7760054939359387,0.676816626930652,
0.777,0.7770161708303099,0.6796283818803773,
0.778,0.7775344666735773,0.6776199854877164,
0.779,0.7785451435679486,0.6778920908054318,
0.78,0.7812921115372655,0.6806520161708303,
0.781,0.7810459210117134,0.6789545972841298,
0.782,0.7814994298745724,0.6795247227117238,
0.783,0.7805276251684462,0.6785658754016792,
0.784,0.7850627137970353,0.6813776303514045,
0.785,0.785075671193117,0.6793692339587436,
0.786,0.7829117860474759,0.6820514149476521,
0.787,0.7877837669741888,0.6823623924536125,
0.788,0.7891961231470923,0.6810277806571992,
0.789,0.7906084793199959,0.6815979060847932,
0.79,0.7910619881828548,0.6841116409246398,
0.791,0.790725095884731,0.6830750492381051,
0.792,0.7925909609204934,0.6842023426972116,
0.793,0.7955452472271173,0.6832564527832486,
0.794,0.7915932414222038,0.6837358764382709,
0.795,0.7949880791956049,0.6840986835285581,
0.796,0.7986161500984762,0.6856017414740334,
0.797,0.7950139939877682,0.6852778065719913,
0.798,0.7980460246708821,0.6856665284544418,
0.799,0.7991344459417435,0.6882580076707785,
0.8,0.802309007981756,0.6867419923292215,
0.801,0.8016222659894268,0.6871566290038353,
0.802,0.802062817456204,0.6865346739919146,
0.803,0.8008189074323624,0.6861848242977091,
0.804,0.8047709132372758,0.688400539027677,
0.805,0.8042914895822536,0.6880766041256349,
0.806,0.8079713900694516,0.688154348502125,
0.807,0.8084119415362289,0.6882968798590235,
0.808,0.8069866279672437,0.6885041981963305,
0.809,0.8070514149476521,0.6884134964237587,
0.81,0.8096040219757438,0.6921193117031201,
0.811,0.810044573442521,0.6884523686120038,
0.812,0.8115346739919146,0.6913807401264642,
0.813,0.812869285788328,0.6917435472167514,
0.814,0.8157199129262983,0.6918731211775682,
0.815,0.8140354514356795,0.6923007152482638,
0.816,0.8157717425106251,0.6901238727065409,
0.817,0.8158106146988701,0.6926894371307142,
0.818,0.818557582668187,0.6913159531460558,
0.819,0.8168342489893231,0.6925857779620608,
0.82,0.8202550015548875,0.6930522442210013,
0.821,0.8221856535710583,0.6940110915310459,
0.822,0.8235461801596351,0.6946071317508034,
0.823,0.8220819944024049,0.6940758785114544,
0.824,0.8257489374935213,0.6939722193428008,
0.825,0.8235980097439618,0.6934280087073702,
0.826,0.8276925469057738,0.6941795376801078,
0.827,0.8273297398154866,0.6946978335233751,
0.828,0.8288198403648803,0.6960842749041153,
0.829,0.8274074841919767,0.6973152275318752,
0.83,0.8296102415258629,0.6972763553436302,
0.831,0.8303747278946823,0.6944775577899865,
0.832,0.8320980615735462,0.6985720949517985,
0.833,0.8338343526484917,0.6958251269824816,
0.834,0.8334845029542863,0.6966803151238727,
0.835,0.8335233751425314,0.6977298642064891,
0.836,0.8349875608997616,0.6998937493521302,
0.837,0.8381232507515289,0.6992977091323728,
0.838,0.8365424484295636,0.6985720949517985,
0.839,0.840533326422722,0.6967839742925261,
0.84,0.839717010469576,0.6972893127397118,
0.841,0.8421141287446875,0.6984813931792268,
0.842,0.8430859334508137,0.6993106665284544,
0.843,0.8429822742821602,0.7015522960505857,
0.844,0.844835181921841,0.7005027469679693,
0.845,0.8475432777029128,0.6988960298538406,
0.846,0.8447574375453509,0.6964989115787291,
0.847,0.8475691924950762,0.6992588369441277,
0.848,0.8476339794754846,0.7008785114543381,
0.849,0.850277288276148,0.7000362807090287,
0.85,0.8496294184720639,0.701254275940707,
0.851,0.8505493935938634,0.7000621955011921,
0.852,0.851015859852804,0.7025111433606303,
0.853,0.852363429045299,0.7020446771016896,
0.854,0.8523763864413807,0.7021483362703431,
0.855,0.8550974396185342,0.7020965066860164,
0.856,0.8542940810614699,0.7012283611485436,
0.857,0.8562895200580491,0.7035736498393282,
0.858,0.857274282160257,0.702316782419405,
0.859,0.8594511247019799,0.7016818700114025,
0.86,0.8589587436508759,0.7021612936664248,
0.861,0.8601508240903908,0.7029905670156525,
0.862,0.8595677412667151,0.7033792888981031,
0.863,0.8650098476210221,0.7032885871255312,
0.864,0.8675624546491137,0.7028739504509174,
0.865,0.866448118586089,0.7022390380429149,
0.866,0.8643490204208563,0.7019798901212813,
0.867,0.866486990774334,0.7037939255727169,
0.868,0.8683528558100964,0.7029776096195709,
0.869,0.8684176427905048,0.7043899657924744,
0.87,0.8699077433398984,0.7056857054006427,
0.871,0.8688581942572821,0.7050507929926402,
0.872,0.8726417539131336,0.7046750285062714,
0.873,0.8716699492070074,0.7052969835181921,
0.874,0.8725380947444802,0.7049860060122318,
0.875,0.875531253239349,0.7054783870633358,
0.876,0.8756219550119207,0.704117860474759,
0.877,0.8777080957810718,0.7058023219653778,
0.878,0.8779931584948689,0.7066704675028507,
0.879,0.8798590235306313,0.7073701668912615,
0.88,0.8766844614906188,0.7050378355965585,
0.881,0.8789520058049134,0.7066445527106873,
0.882,0.8830983725510522,0.7072794651186898,
0.883,0.884329325178812,0.7059707681144397,
0.884,0.8833704778687675,0.7064631491655436,
0.885,0.8850808541515497,0.7054783870633358,
0.886,0.8868948896029853,0.7057375349849694,
0.887,0.8852622576966933,0.7055172592515808,
0.888,0.8903156421685499,0.7063076604125635,
0.889,0.8902119829998963,0.7062428734321551,
0.89,0.890924639784389,0.7053747278946823,
0.891,0.8913911060433295,0.7062817456204001,
0.892,0.8957059189385301,0.7066834248989323,
0.893,0.8905747900901835,0.7058152793614595,
0.894,0.8958873224836736,0.7063206178086452,
0.895,0.8942028609930548,0.7066575101067689,
0.896,0.8941510314087281,0.7073183373069348,
0.897,0.8965870218720846,0.7070851041774645,
0.898,0.8999300300611589,0.7069684876127293,
0.899,0.9003705815279361,0.7070462319892195,
0.9,0.9017311081165129,0.7075774852285684,
0.901,0.8995153933865451,0.7066056805224422,
0.902,0.9014071732144708,0.7068259562558308,
0.903,0.9017440655125946,0.7067741266715041,
0.904,0.9023530631284337,0.706696382295014,
0.905,0.9060459210117134,0.7083678863895512,
0.906,0.9058904322587333,0.7080957810718358,
0.907,0.90463356483881,0.7079143775266923,
0.908,0.909013164714419,0.7072146781382813,
0.909,0.9086892298123769,0.7075645278324868,
0.91,0.9104125634912408,0.7081864828444075,
0.911,0.9115139421581839,0.706489063957707,
0.912,0.9134575515704364,0.7061910438478284,
0.913,0.9121358971701047,0.7073183373069348,
0.914,0.9141442935627656,0.7083419715973878,
0.915,0.9159194568259562,0.7070073598009744,
0.916,0.9151290556649736,0.7066056805224422,
0.917,0.9169301337203276,0.7068129988597491,
0.918,0.9182129159324143,0.7069555302166477,
0.919,0.9189255727169068,0.7070851041774645,
0.92,0.9191069762620504,0.7071110189696279,
0.921,0.9210505856743029,0.7073701668912615,
0.922,0.9206877785840157,0.7067741266715041,
0.923,0.92264434539235,0.707720016585467,
0.924,0.9246786565771743,0.7074867834559967,
0.925,0.9274256245464911,0.7073572094951799,
0.926,0.9265963511972634,0.7086140769151031,
0.927,0.9269073287032238,0.7076681870011402,
0.928,0.9274126671504095,0.7071239763657096,
0.929,0.9294988079195605,0.706981445008811,
0.93,0.928863895511558,0.7060873846791749,
0.931,0.9313387581631596,0.7059448533222763,
0.932,0.9309759510728723,0.706450191769462,
0.933,0.9331657510106769,0.704156732663004,
0.934,0.934798382916969,0.7052581113299471,
0.935,0.9344355758266819,0.7064761065616254,
0.936,0.9375064786980408,0.7074997408520783,
0.937,0.9365865035762413,0.704934176427905,
0.938,0.9360422929408106,0.7063983621851353,
0.939,0.9408235720949518,0.7055561314398259,
0.94,0.9385819425728206,0.7058023219653778,
0.941,0.9428837980719394,0.7068000414636675,
0.942,0.9420674821187934,0.7051933243495387,
0.943,0.9420545247227117,0.7051544521612937,
0.944,0.9448014926920286,0.7055172592515808,
0.945,0.9463693376179123,0.704649113714108,
0.946,0.94588991396289,0.7036902664040634,
0.947,0.9470560796102415,0.7053358557064372,
0.948,0.9481963304654296,0.7056209184202342,
0.949,0.9492588369441277,0.7040401160982689,
0.95,0.9494272830931896,0.7052321965377838,
0.951,0.9503213434228257,0.7055302166476625,
0.952,0.9517207421996475,0.7026925469057738,
0.953,0.9518632735565461,0.7031978853529595,
0.954,0.9536125220275733,0.7046231989219447,
0.955,0.9556857054006427,0.7031590131647144,
0.956,0.9567611692754224,0.7019021457447912,
0.957,0.9568259562558308,0.7024333989841401,
0.958,0.9558930237379496,0.7027443764901006,
0.959,0.958251269824816,0.7006711931170312,
0.96,0.9597413703742096,0.701085829791645,
0.961,0.9613740022805017,0.7008785114543381,
0.962,0.961399917072665,0.7015782108427491,
0.963,0.9629677619985487,0.7013449777132787,
0.964,0.9641209702498186,0.7013449777132787,
0.965,0.9651057323520266,0.7021353788742615,
0.966,0.9665051311288484,0.7006841505131128,
0.967,0.9662978127915414,0.7000751528972737,
0.968,0.9677360837566082,0.6984425209909817,
0.969,0.9704312221415984,0.6996605162226599,
0.97,0.9698870115061677,0.6975484606613455,
0.971,0.9707292422514772,0.6993754535088629,
0.972,0.9707551570436405,0.6974966310770188,
0.973,0.9724525759303411,0.6993236239245362,
0.974,0.9731263605265886,0.6991292629833109,
0.975,0.9748108220172074,0.6981963304654296,
0.976,0.9763657095470094,0.69712086659065,
0.977,0.9775189177982793,0.6981056286928579,
0.978,0.9775059604021976,0.6971856535710583,
0.979,0.9790349331398362,0.694827407484192,
0.98,0.9799549082616358,0.6949310666528454,
0.981,0.9812506478698041,0.6955271068726029,
0.982,0.9818466880895615,0.6967451021042811,
0.983,0.98322017207422,0.6955789364569296,
0.984,0.9841012750077744,0.6969653778376698,
0.985,0.985060122317819,0.6936612418368404,
0.986,0.98583756608272,0.6928060536954493,
0.987,0.9866279672437027,0.6956178086451746,
0.988,0.9873665388203586,0.694905151860682,
0.989,0.9898543588680419,0.6924950761894889,
0.99,0.9898802736602053,0.6878563283922463,
0.991,0.9911630558722919,0.6887244739297191,
0.992,0.9921737327666632,0.6914066549186275,
0.993,0.9927956877785841,0.685044573442521,
0.994,0.993819322069037,0.6840468539442314,
0.995,0.994804084171245,0.6851352752150928,
0.996,0.9960739089872499,0.686560588784078,
0.997,0.9965922048305172,0.688892920078781,
0.998,0.9984191976780347,0.6894889602985385,
0.999,0.999015237897792,0.6891131958121696,
1,1,0.7142635016067171,
